<?xml version="1.0" encoding="UTF-8"?>
<project-private xmlns="http://www.netbeans.org/ns/project-private/1">
    <editor-bookmarks xmlns="http://www.netbeans.org/ns/editor-bookmarks/2" lastBookmarkId="0"/>
    <open-files xmlns="http://www.netbeans.org/ns/projectui-open-files/2">
        <group>
            <file>file:/C:/wamp/www/safeDrive/css/demo.css</file>
            <file>file:/C:/wamp/www/safeDrive/inc/config.php</file>
            <file>file:/C:/wamp/www/safeDrive/wired_ui_kit-master/index.html</file>
            <file>file:/C:/wamp/www/safeDrive/img/bg1.jpg</file>
            <file>file:/C:/wamp/www/safeDrive/inc/database.php</file>
            <file>file:/C:/wamp/www/safeDrive/wired_ui_kit-master/default.html</file>
            <file>file:/C:/wamp/www/safeDrive/img/bg2.jpg</file>
            <file>file:/C:/wamp/www/safeDrive/css/main.css</file>
            <file>file:/C:/wamp/www/safeDrive/inc/init.php</file>
            <file>file:/C:/wamp/www/safeDrive/home.html</file>
            <file>file:/C:/wamp/www/safeDrive/wired_ui_kit-master/examples/landing-page.html</file>
        </group>
    </open-files>
</project-private>
